npc,48000,1500000000
npc,48001,1500000001
npc,48002,1500000002
npc,48029,1500000003
npc,48038,1500000004
npc,48040,1500000005
npc,48041,1500000006
npc,48049,1500000007
npc,48054,1500000008
npc,48057,1500000009
npc,48058,1500000010
npc,48059,1500000011
npc,48060,1500000012
npc,48062,1500000013
npc,48064,1500000014
npc,48065,1500000015
npc,48066,1500000016
npc,48067,1500000017
npc,48069,1500000018
npc,48070,1500000019
npc,48071,1500000020
npc,48073,1500000021
npc,48074,1500000022
npc,48077,1500000023
npc,48079,1500000024
npc,48081,1500000025
npc,48083,1500000026
npc,48084,1500000027
npc,48087,1500000028
npc,48089,1500000029
npc,48090,1500000030
npc,48093,1500000031
npc,48094,1500000032
npc,48095,1500000033
npc,48097,1500000034
npc,48098,1500000035
npc,48099,1500000036
npc,48100,1500000037
npc,48102,1500000038
npc,48103,1500000039
npc,48104,1500000040
npc,48106,1500000041
npc,48107,1500000042
npc,48109,1500000043
npc,48110,1500000044
npc,48113,1500000045
npc,48116,1500000046
npc,48117,1500000047
npc,48120,1500000048
npc,48123,1500000049
npc,48126,1500000050
npc,48129,1500000051
npc,48131,1500000052
npc,48132,1500000053
npc,48133,1500000054
npc,48135,1500000055
npc,48138,1500000056
npc,48140,1500000057
npc,48142,1500000058
npc,48144,1500000059
npc,48146,1500000060
npc,48154,1500000061
npc,48157,1500000062
npc,48163,1500000063
npc,48164,1500000064
npc,48173,1500000065
npc,48177,1500000066
npc,48182,1500000067
npc,48187,1500000068
npc,48188,1500000069
npc,48194,1500000070
npc,48196,1500000071
npc,48197,1500000072
npc,48199,1500000073
npc,48201,1500000074
npc,48208,1500000075
npc,48274,1500000076
npc,48298,1500000077
npc,48300,1500000078
npc,48302,1500000079
npc,48303,1500000080
npc,48305,1500000081
npc,48307,1500000082
npc,48309,1500000083
npc,48311,1500000084
npc,48313,1500000085
npc,48315,1500000086
npc,48317,1500000087
npc,48319,1500000088
npc,48320,1500000089
npc,48321,1500000090
npc,48322,1500000091
npc,48323,1500000092
npc,48324,1500000093
npc,48325,1500000094
npc,48326,1500000095
npc,48327,1500000096
npc,48328,1500000097
npc,48329,1500000098
npc,48330,1500000099
npc,48331,1500000100
npc,48332,1500000101
npc,48333,1500000102
npc,48334,1500000103
npc,48335,1500000104
npc,48336,1500000105
npc,48337,1500000106
npc,48338,1500000107
npc,48339,1500000108
npc,48340,1500000109
npc,48341,1500000110
npc,48342,1500000111
npc,48343,1500000112
npc,48344,1500000113
npc,48345,1500000114
npc,48346,1500000115
npc,48347,1500000116
npc,48348,1500000117
npc,48349,1500000118
npc,48350,1500000119
npc,48351,1500000120
npc,48352,1500000121
npc,48353,1500000122
npc,48354,1500000123
npc,48355,1500000124
npc,48356,1500000125
npc,48357,1500000126
npc,48358,1500000127
npc,48359,1500000128
npc,48360,1500000129
npc,48361,1500000130
npc,48362,1500000131
npc,48363,1500000132
npc,48364,1500000133
npc,48365,1500000134
npc,48366,1500000135
npc,48367,1500000136
npc,48368,1500000137
npc,48369,1500000138
npc,48370,1500000139
npc,48371,1500000140
npc,48372,1500000141
npc,48373,1500000142
npc,48374,1500000143
npc,48375,1500000144
npc,48376,1500000145
npc,48377,1500000146
npc,48378,1500000147
npc,48379,1500000148
npc,48380,1500000149
npc,48381,1500000150
npc,48382,1500000151
npc,48383,1500000152
npc,48384,1500000153
npc,48385,1500000154
npc,48386,1500000155
npc,48387,1500000156
npc,48388,1500000157
npc,48389,1500000158
npc,48390,1500000159
npc,48391,1500000160
npc,48392,1500000161
npc,48393,1500000162
npc,48394,1500000163
npc,48395,1500000164
npc,48396,1500000165
npc,48397,1500000166
npc,48398,1500000167
npc,48399,1500000168
npc,48400,1500000169
npc,48401,1500000170
npc,48402,1500000171
npc,48403,1500000172
npc,48404,1500000173
npc,48405,1500000174
npc,48406,1500000175
npc,48407,1500000176
spawngroup,48038,60000000
spawngroup,48040,60000001
spawngroup,48057,60000002
spawngroup,48060,60000003
spawngroup,48062,60000004
spawngroup,48064,60000005
spawngroup,48065,60000006
spawngroup,48066,60000007
spawngroup,48067,60000008
spawngroup,48073,60000009
spawngroup,48074,60000010
spawngroup,48077,60000011
spawngroup,48081,60000012
spawngroup,48093,60000013
spawngroup,48094,60000014
spawngroup,48095,60000015
spawngroup,48097,60000016
spawngroup,48099,60000017
spawngroup,48104,60000018
spawngroup,48106,60000019
spawngroup,48110,60000020
spawngroup,48120,60000021
spawngroup,48123,60000022
spawngroup,48126,60000023
spawngroup,48129,60000024
spawngroup,48131,60000025
spawngroup,48132,60000026
spawngroup,48133,60000027
spawngroup,48135,60000028
spawngroup,48138,60000029
spawngroup,48140,60000030
spawngroup,48142,60000031
spawngroup,48144,60000032
spawngroup,48146,60000033
spawngroup,48154,60000034
spawngroup,48157,60000035
spawngroup,48163,60000036
spawngroup,48164,60000037
spawngroup,48173,60000038
spawngroup,48177,60000039
spawngroup,48182,60000040
spawngroup,48187,60000041
spawngroup,48188,60000042
spawngroup,48194,60000043
spawngroup,48196,60000044
spawngroup,48197,60000045
spawngroup,48199,60000046
spawngroup,48208,60000047
spawngroup,48274,60000048
spawngroup,48298,60000049
spawngroup,225269,60000050
spawngroup,225270,60000051
spawngroup,225273,60000052
spawngroup,225276,60000053
spawngroup,225282,60000054
spawngroup,225283,60000055
spawngroup,225284,60000056
spawngroup,225285,60000057
spawngroup,225286,60000058
spawngroup,225287,60000059
spawngroup,225288,60000060
spawngroup,225289,60000061
spawngroup,225307,60000062
spawngroup,225310,60000063
spawngroup,225311,60000064
spawngroup,225312,60000065
spawngroup,225313,60000066
spawngroup,225314,60000067
spawngroup,225315,60000068
spawngroup,225316,60000069
spawngroup,225317,60000070
spawngroup,225318,60000071
spawngroup,225319,60000072
spawngroup,225320,60000073
spawngroup,225321,60000074
spawngroup,225322,60000075
spawngroup,225323,60000076
spawngroup,225324,60000077
spawngroup,225325,60000078
spawngroup,225326,60000079
spawngroup,225327,60000080
spawngroup,225328,60000081
spawngroup,225329,60000082
spawngroup,225330,60000083
spawngroup,225331,60000084
spawngroup,225332,60000085
spawngroup,225333,60000086
spawngroup,225334,60000087
spawngroup,225335,60000088
spawngroup,225336,60000089
spawngroup,225337,60000090
spawngroup,225338,60000091
spawngroup,225339,60000092
spawngroup,225340,60000093
spawngroup,225341,60000094
spawngroup,225342,60000095
spawngroup,225343,60000096
spawngroup,225344,60000097
spawngroup,225345,60000098
spawngroup,225346,60000099
spawngroup,225347,60000100
spawngroup,225348,60000101
spawngroup,225349,60000102
spawngroup,225350,60000103
spawngroup,225351,60000104
spawngroup,225352,60000105
spawngroup,225353,60000106
spawngroup,225354,60000107
spawngroup,225355,60000108
spawngroup,225356,60000109
spawngroup,225357,60000110
spawngroup,225358,60000111
spawngroup,225359,60000112
spawngroup,225360,60000113
spawngroup,225361,60000114
spawngroup,225362,60000115
spawngroup,225363,60000116
spawngroup,225364,60000117
spawngroup,225365,60000118
spawngroup,225366,60000119
spawngroup,225367,60000120
spawngroup,225368,60000121
spawngroup,225369,60000122
spawn2,326895,40000000
spawn2,326896,40000001
spawn2,326897,40000002
spawn2,326898,40000003
spawn2,326899,40000004
spawn2,326900,40000005
spawn2,326901,40000006
spawn2,326902,40000007
spawn2,326903,40000008
spawn2,326904,40000009
spawn2,326905,40000010
spawn2,326906,40000011
spawn2,326907,40000012
spawn2,326908,40000013
spawn2,326909,40000014
spawn2,326910,40000015
spawn2,326911,40000016
spawn2,326912,40000017
spawn2,326913,40000018
spawn2,326914,40000019
spawn2,326915,40000020
spawn2,326916,40000021
spawn2,326917,40000022
spawn2,326918,40000023
spawn2,326919,40000024
spawn2,326920,40000025
spawn2,326921,40000026
spawn2,326922,40000027
spawn2,326923,40000028
spawn2,326924,40000029
spawn2,326925,40000030
spawn2,326926,40000031
spawn2,326927,40000032
spawn2,326928,40000033
spawn2,326929,40000034
spawn2,326930,40000035
spawn2,326931,40000036
spawn2,326932,40000037
spawn2,326933,40000038
spawn2,326934,40000039
spawn2,326935,40000040
spawn2,326936,40000041
spawn2,326937,40000042
spawn2,326938,40000043
spawn2,326939,40000044
spawn2,326940,40000045
spawn2,326941,40000046
spawn2,326942,40000047
spawn2,326943,40000048
spawn2,326944,40000049
spawn2,326945,40000050
spawn2,326946,40000051
spawn2,326947,40000052
spawn2,326948,40000053
spawn2,326949,40000054
spawn2,326950,40000055
spawn2,326951,40000056
spawn2,326952,40000057
spawn2,326953,40000058
spawn2,326954,40000059
spawn2,326955,40000060
spawn2,326956,40000061
spawn2,326957,40000062
spawn2,326958,40000063
spawn2,326959,40000064
spawn2,326960,40000065
spawn2,326961,40000066
spawn2,326962,40000067
spawn2,326963,40000068
spawn2,326964,40000069
spawn2,326965,40000070
spawn2,326966,40000071
spawn2,326967,40000072
spawn2,326968,40000073
spawn2,326969,40000074
spawn2,326970,40000075
spawn2,326971,40000076
spawn2,326972,40000077
spawn2,326973,40000078
spawn2,326974,40000079
spawn2,326975,40000080
spawn2,326976,40000081
spawn2,326977,40000082
spawn2,326978,40000083
spawn2,326979,40000084
spawn2,326980,40000085
spawn2,326981,40000086
spawn2,326982,40000087
spawn2,326983,40000088
spawn2,326984,40000089
spawn2,326985,40000090
spawn2,326986,40000091
spawn2,326987,40000092
spawn2,326988,40000093
spawn2,326989,40000094
spawn2,326990,40000095
spawn2,326991,40000096
spawn2,326992,40000097
spawn2,326993,40000098
spawn2,326994,40000099
spawn2,326995,40000100
spawn2,326996,40000101
spawn2,326997,40000102
spawn2,326998,40000103
spawn2,326999,40000104
spawn2,327000,40000105
spawn2,327001,40000106
spawn2,327002,40000107
spawn2,327003,40000108
spawn2,327004,40000109
spawn2,327005,40000110
spawn2,327006,40000111
spawn2,327007,40000112
spawn2,327008,40000113
spawn2,327009,40000114
spawn2,327010,40000115
spawn2,327011,40000116
spawn2,327012,40000117
spawn2,327013,40000118
spawn2,327014,40000119
spawn2,327015,40000120
spawn2,327016,40000121
spawn2,327017,40000122
spawn2,327018,40000123
spawn2,327019,40000124
spawn2,327020,40000125
spawn2,327021,40000126
spawn2,327022,40000127
spawn2,327023,40000128
spawn2,327024,40000129
spawn2,327025,40000130
spawn2,327026,40000131
spawn2,327027,40000132
spawn2,327028,40000133
spawn2,327029,40000134
spawn2,327030,40000135
spawn2,327031,40000136
spawn2,327032,40000137
spawn2,327033,40000138
spawn2,327034,40000139
spawn2,327035,40000140
spawn2,327036,40000141
spawn2,327037,40000142
spawn2,327038,40000143
spawn2,327039,40000144
spawn2,327040,40000145
spawn2,327041,40000146
spawn2,327042,40000147
spawn2,327043,40000148
spawn2,327044,40000149
spawn2,327045,40000150
spawn2,327046,40000151
spawn2,327047,40000152
spawn2,327048,40000153
spawn2,327049,40000154
spawn2,327050,40000155
spawn2,327051,40000156
spawn2,327052,40000157
spawn2,327053,40000158
spawn2,327054,40000159
spawn2,327055,40000160
spawn2,327056,40000161
spawn2,327057,40000162
spawn2,327058,40000163
spawn2,327059,40000164
spawn2,327060,40000165
spawn2,327061,40000166
spawn2,327062,40000167
spawn2,327063,40000168
spawn2,327064,40000169
spawn2,327065,40000170
spawn2,327066,40000171
spawn2,327067,40000172
spawn2,327068,40000173
spawn2,327069,40000174
spawn2,327070,40000175
spawn2,327071,40000176
spawn2,327072,40000177
spawn2,327073,40000178
spawn2,327074,40000179
spawn2,327075,40000180
spawn2,327076,40000181
spawn2,327077,40000182
spawn2,327078,40000183
spawn2,327079,40000184
spawn2,327080,40000185
spawn2,327081,40000186
spawn2,327082,40000187
spawn2,327083,40000188
spawn2,327084,40000189
spawn2,327085,40000190
spawn2,327086,40000191
spawn2,327087,40000192
spawn2,327088,40000193
spawn2,327089,40000194
spawn2,327090,40000195
spawn2,327091,40000196
spawn2,327092,40000197
spawn2,327093,40000198
spawn2,327094,40000199
spawn2,327095,40000200
spawn2,327096,40000201
spawn2,327097,40000202
spawn2,327098,40000203
spawn2,327099,40000204
spawn2,327100,40000205
spawn2,327101,40000206
spawn2,327102,40000207
spawn2,327103,40000208
spawn2,327104,40000209
spawn2,327105,40000210
spawn2,327106,40000211
spawn2,327107,40000212
spawn2,327108,40000213
spawn2,327109,40000214
spawn2,327110,40000215
spawn2,327111,40000216
spawn2,327112,40000217
spawn2,327113,40000218
spawn2,327114,40000219
spawn2,327115,40000220
spawn2,327116,40000221
spawn2,327117,40000222
spawn2,327118,40000223
spawn2,327119,40000224
spawn2,327120,40000225
spawn2,327121,40000226
spawn2,327122,40000227
spawn2,327123,40000228
spawn2,327124,40000229
spawn2,327125,40000230
spawn2,327126,40000231
spawn2,327127,40000232
spawn2,327128,40000233
spawn2,327129,40000234
spawn2,327130,40000235
spawn2,327131,40000236
spawn2,327132,40000237
spawn2,327133,40000238
spawn2,327134,40000239
spawn2,327135,40000240
spawn2,327136,40000241
spawn2,327137,40000242
spawn2,327138,40000243
spawn2,327139,40000244
spawn2,327140,40000245
spawn2,327141,40000246
spawn2,327142,40000247
spawn2,327143,40000248
spawn2,327144,40000249
spawn2,327145,40000250
spawn2,327146,40000251
spawn2,327147,40000252
spawn2,327148,40000253
spawn2,327149,40000254
spawn2,327150,40000255
spawn2,327151,40000256
spawn2,327152,40000257
spawn2,327153,40000258
spawn2,327154,40000259
spawn2,327155,40000260
spawn2,327156,40000261
spawn2,327157,40000262
spawn2,327158,40000263
spawn2,327159,40000264
spawn2,327160,40000265
spawn2,327161,40000266
spawn2,327162,40000267
spawn2,327163,40000268
spawn2,327164,40000269
spawn2,327165,40000270
spawn2,327166,40000271
spawn2,327167,40000272
spawn2,327168,40000273
spawn2,327169,40000274
spawn2,327170,40000275
spawn2,327171,40000276
spawn2,327172,40000277
spawn2,327173,40000278
spawn2,327174,40000279
spawn2,327175,40000280
spawn2,327176,40000281
spawn2,327177,40000282
spawn2,327178,40000283
spawn2,327179,40000284
spawn2,327180,40000285
spawn2,327181,40000286
spawn2,327182,40000287
spawn2,327183,40000288
spawn2,327184,40000289
spawn2,327185,40000290
spawn2,327186,40000291
spawn2,327187,40000292
spawn2,327188,40000293
spawn2,327189,40000294
spawn2,327190,40000295
spawn2,327191,40000296
spawn2,327192,40000297
spawn2,327193,40000298
spawn2,327194,40000299
spawn2,327195,40000300
spawn2,327196,40000301
spawn2,327197,40000302
spawn2,327198,40000303
spawn2,327199,40000304
spawn2,327200,40000305
spawn2,327201,40000306
spawn2,327202,40000307
spawn2,327203,40000308
spawn2,327204,40000309
spawn2,327205,40000310
spawn2,327206,40000311
spawn2,327207,40000312
spawn2,327208,40000313
spawn2,327209,40000314
spawn2,327210,40000315
spawn2,369182,40000316
npc_faction,506,20000
npc_faction,614,20001
npc_faction,1410,20002
npc_faction,1603,20003
npc_spells,1,20000001
npc_spells,3,20000003
npc_spells,6,20000006
npc_spells,9,20000009
npc_spells,33,20000033
npc_spells,44,44
npc_spells,157,157
npc_spells,518,20000518
npc_spells,1362,20001362
npc_spells,1363,1363
npc_spells,1364,1364
npc_spells,1365,1365
npc_spells,1366,20001366
npc_spells,1367,20001367
npc_spells,1368,1368
npc_spells,1369,1369
npc_spells,1370,1370
npc_spells,1371,20001371
npc_spells,1372,20001372
npc_spells,1374,20001374
npc_spells,1375,20001375
